2024-10-28 17:53:13,No Update
2024-10-30 12:43:13,No Update
2024-11-05 12:01:05,No Update
2024-11-05 12:02:14,No Update
2024-11-05 12:05:04,No Update
2024-11-09 13:01:58,No Update
2024-11-09 14:39:51,No Update
2024-11-09 14:41:12,No Update
2024-11-09 14:51:41,No Update
2024-11-09 15:00:37,No Update
2024-11-24 00:53:31,No Update
2024-11-24 01:00:34,No Update
2024-11-24 01:01:30,No Update
2024-11-24 01:05:01,No Update
2024-11-24 01:07:11,No Update
2024-11-24 12:51:53,New Update!!
2024-11-24 12:52:31,No Update
2024-11-24 12:52:57,No Update
2024-11-24 12:56:05,New Update!!
2024-11-24 12:57:11,New Update!!
2024-11-24 12:57:37,New Update!!
2024-11-24 13:12:04,No Update
2024-11-24 13:13:16,New Update!!
